date,department,patient_volume,avg_wait_time,avg_treatment_time,occupancy_rate,staff_available,staff_ratio,risk_score,current_congestion_flag,congestion_flag
2026-01-01,Emergency,152,71,122,90.0,14,10.857142857142858,78.94791286357551,1,1
2026-01-02,Emergency,199,72,31,90.0,14,14.214285714285714,84.07082876962394,1,0
2026-01-03,Emergency,107,41,137,90.0,14,7.642857142857143,62.30862845320677,0,1
2026-01-04,Emergency,239,81,76,90.0,14,17.071428571428573,91.7232566630157,1,1
2026-01-05,Emergency,122,58,47,90.0,14,8.714285714285714,70.68333941827917,1,1
2026-01-06,Emergency,221,27,76,90.0,14,15.785714285714286,68.09784592917123,1,0
2026-01-07,Emergency,103,23,83,90.0,14,7.357142857142857,54.63429475477668,0,0
2026-01-08,Emergency,97,34,101,90.0,14,6.928571428571429,58.476329560666905,0,0
2026-01-09,Emergency,90,48,44,90.0,14,6.428571428571429,63.430083972252646,0,0
2026-01-10,Emergency,112,30,144,90.0,14,8.0,58.36619204089084,0,0
2026-01-11,Emergency,121,31,63,90.0,14,8.642857142857142,59.67384690276256,0,1
2026-01-12,Emergency,84,84,128,90.0,14,6.0,77.37312887915299,1,1
2026-01-13,Emergency,64,61,106,90.0,14,4.571428571428571,66.07216745770963,1,1
2026-01-14,Emergency,78,55,42,90.0,14,5.571428571428571,65.05354752342704,1,1
2026-01-15,Emergency,234,25,57,90.0,14,16.714285714285715,68.59498600462456,1,1
2026-01-16,Emergency,178,46,91,90.0,14,12.714285714285714,71.45734452963369,1,1
2026-01-17,Emergency,214,70,135,90.0,14,15.285714285714286,84.76877205792867,1,1
2026-01-18,Emergency,235,71,41,90.0,14,16.785714285714285,87.28124619690885,1,0
2026-01-19,Emergency,103,20,48,90.0,14,7.357142857142857,53.42217354265547,0,1
2026-01-20,Emergency,233,36,67,90.0,14,16.642857142857142,72.93902884264331,1,1
2026-01-21,Emergency,173,78,99,90.0,14,12.357142857142858,83.88462942679811,1,1
2026-01-22,Emergency,197,90,81,90.0,14,14.071428571428571,91.14275282949981,1,1
2026-01-23,Emergency,208,61,128,90.0,14,14.857142857142858,80.52999878301084,1,1
2026-01-24,Emergency,189,88,66,90.0,14,13.5,89.53145917001338,1,1
2026-01-25,Emergency,103,52,53,90.0,14,7.357142857142857,66.3514664719484,1,1
2026-01-26,Emergency,195,85,83,90.0,14,13.928571428571429,88.9217475964464,1,0
2026-01-27,Emergency,97,39,149,90.0,14,6.928571428571429,60.496531580868925,0,1
2026-01-28,Emergency,164,41,139,90.0,14,11.714285714285714,68.03152001947184,1,0
2026-01-29,Emergency,70,49,126,90.0,14,5.0,61.826092247778995,0,1
2026-01-30,Emergency,241,68,46,90.0,14,17.214285714285715,86.67153462334186,1,1
2026-01-31,Emergency,142,65,82,90.0,14,10.142857142857142,75.51965437507606,1,1
2026-02-01,Emergency,177,37,54,90.0,14,12.642857142857142,67.72057928684434,1,1
2026-02-02,Emergency,135,42,95,90.0,14,9.642857142857142,65.52391383716684,1,1
2026-02-03,Emergency,225,58,122,90.0,14,16.071428571428573,81.02470488012658,1,1
2026-02-04,Emergency,106,55,74,90.0,14,7.571428571428571,67.86479250334672,1,1
2026-02-05,Emergency,147,85,61,90.0,14,10.5,84.10247048801264,1,1
2026-02-06,Emergency,107,68,81,90.0,14,7.642857142857143,73.21771936229767,1,0
2026-02-07,Emergency,157,24,132,90.0,14,11.214285714285714,60.460021905805036,0,1
2026-02-08,Emergency,193,32,143,90.0,14,13.785714285714286,67.30680296945357,1,1
2026-02-09,Emergency,139,81,52,90.0,14,9.928571428571429,81.68309602044542,1,0
2026-02-10,Emergency,166,20,45,90.0,14,11.857142857142858,59.74747474747475,0,1
2026-02-11,Emergency,193,70,130,90.0,14,13.785714285714286,82.6603383229889,1,1
2026-02-12,Emergency,246,95,45,90.0,14,17.571428571428573,98.08263356456128,1,1
2026-02-13,Emergency,187,38,87,90.0,14,13.357142857142858,69.12863575514177,1,0
2026-02-14,Emergency,51,51,120,90.0,14,3.642857142857143,60.72654253377144,0,1
2026-02-15,Emergency,220,31,96,90.0,14,15.714285714285714,69.61360593890714,1,1
2026-02-16,Emergency,144,65,31,90.0,14,10.285714285714286,75.72045758792747,1,1
2026-02-17,Emergency,107,94,58,90.0,14,7.642857142857143,83.72276986734818,1,1
2026-02-18,Emergency,241,68,128,90.0,14,17.214285714285715,86.67153462334186,1,0
2026-02-19,Emergency,72,49,46,90.0,14,5.142857142857143,62.026895460630406,0,1
2026-02-20,Emergency,189,80,134,90.0,14,13.5,86.29913593769015,1,1
2026-02-21,Emergency,160,35,146,90.0,14,11.428571428571429,65.2056711695266,1,1
2026-02-22,Emergency,158,72,71,90.0,14,11.285714285714286,79.95436290617013,1,0
2026-02-23,Emergency,125,28,103,90.0,14,8.928571428571429,58.86333211634416,0,1
2026-02-24,Emergency,227,46,95,90.0,14,16.214285714285715,76.37702324449313,1,1
2026-02-25,Emergency,194,90,118,90.0,14,13.857142857142858,90.84154801022271,1,1
2026-02-26,Emergency,140,93,119,90.0,14,10.0,86.63198247535597,1,1
2026-02-27,Emergency,249,80,134,90.0,14,17.785714285714285,92.32323232323232,1,1
2026-02-28,Emergency,210,57,146,90.0,14,15.0,79.11464037970062,1,1
2026-03-01,Emergency,129,94,130,90.0,14,9.214285714285714,85.93160520871363,1,0
2026-03-02,Emergency,208,20,146,90.0,14,14.857142857142858,63.964342217354265,0,1
2026-03-03,Emergency,151,95,53,90.0,14,10.785714285714286,88.5444809541195,1,1
2026-03-04,Emergency,150,60,129,90.0,14,10.714285714285714,74.30266520627966,1,1
2026-03-05,Emergency,206,32,75,90.0,14,14.714285714285714,68.61202385298772,1,1
2026-03-06,Emergency,105,49,143,90.0,14,7.5,65.34014847267859,1,1
2026-03-07,Emergency,75,82,118,90.0,14,5.357142857142857,75.66143361324085,1,0
2026-03-08,Emergency,104,25,121,90.0,14,7.428571428571429,55.542777169283184,0,0
2026-03-09,Emergency,132,36,114,90.0,14,9.428571428571429,62.79846659364732,0,1
2026-03-10,Emergency,162,51,63,90.0,14,11.571428571428571,71.87112084702446,1,1
2026-03-11,Emergency,61,84,83,90.0,14,4.357142857142857,75.06389193136181,1,1
2026-03-12,Emergency,124,70,132,90.0,14,8.857142857142858,75.73262747961542,1,1
2026-03-13,Emergency,140,70,92,90.0,14,10.0,77.33905318242667,1,1
2026-03-14,Emergency,182,48,33,90.0,14,13.0,72.66703176341731,1,1
2026-03-15,Emergency,102,85,106,90.0,14,7.285714285714286,79.58439819885604,1,1
2026-03-16,Emergency,193,27,33,90.0,14,13.785714285714286,65.28660094925155,1,1
2026-03-17,Emergency,209,69,90,90.0,14,14.928571428571429,83.86272362175977,1,0
2026-03-18,Emergency,71,40,99,90.0,14,5.071428571428571,58.29013021784106,0,0
2026-03-19,Emergency,94,46,102,90.0,14,6.714285714285714,63.02360958987465,0,0
2026-03-20,Emergency,50,27,142,90.0,14,3.5714285714285716,50.92917123037605,0,0
2026-03-21,Emergency,127,21,138,90.0,14,9.071428571428571,56.23585250091274,0,1
2026-03-22,Emergency,156,37,67,90.0,14,11.142857142857142,65.61214555190459,1,1
2026-03-23,Emergency,135,63,54,90.0,14,9.642857142857142,74.00876232201533,1,1
2026-03-24,Emergency,160,53,140,90.0,14,11.428571428571429,72.47839844225386,1,1
2026-03-25,Emergency,75,83,127,90.0,14,5.357142857142857,76.06547401728125,1,1
2026-03-26,Emergency,199,40,99,90.0,14,14.214285714285714,71.14153584033103,1,0
2026-03-27,Emergency,186,22,144,90.0,14,13.285714285714286,62.56358768406961,0,0
2026-03-28,Emergency,124,23,108,90.0,14,8.857142857142858,56.74272848971644,0,1
2026-03-29,Emergency,222,63,34,90.0,14,15.857142857142858,82.74370208105147,1,0
2026-03-30,Emergency,50,33,93,90.0,14,3.5714285714285716,53.353413654618464,0,1
2026-03-31,Emergency,227,29,34,90.0,14,16.214285714285715,69.50833637580625,1,1
2026-04-01,Emergency,150,92,46,90.0,14,10.714285714285714,87.2319581355726,1,1
2026-04-02,Emergency,111,79,137,90.0,14,7.928571428571429,78.06377023244494,1,0
2026-04-03,Emergency,84,20,69,90.0,14,6.0,51.51454302056712,0,0
2026-04-04,Emergency,79,54,114,90.0,14,5.642857142857143,64.74990872581233,0,0
2026-04-05,Emergency,91,37,69,90.0,14,6.5,59.0860411342339,0,1
2026-04-06,Emergency,72,82,44,90.0,14,5.142857142857143,75.36022879396373,1,1
2026-04-07,Emergency,228,89,35,90.0,14,16.285714285714285,93.85116222465619,1,1
2026-04-08,Emergency,204,55,58,90.0,14,14.571428571428571,77.7041499330656,1,1
2026-04-09,Emergency,54,93,126,90.0,14,3.857142857142857,77.99744432274554,1,0
2026-04-10,Emergency,64,48,37,90.0,14,4.571428571428571,60.81964220518438,0,1
2026-04-11,Emergency,164,55,65,90.0,14,11.714285714285714,73.68808567603749,1,1
2026-04-12,Emergency,249,42,76,90.0,14,17.785714285714285,76.96969696969697,1,1
2026-04-13,Emergency,149,87,34,90.0,14,10.642857142857142,85.11135450894487,1,1
2026-04-14,Emergency,89,60,115,90.0,14,6.357142857142857,68.17816721431178,1,0
2026-04-15,Emergency,106,20,92,90.0,14,7.571428571428571,53.72337836193258,0,1
2026-04-16,Emergency,186,93,81,90.0,14,13.285714285714286,91.25045637093831,1,0
2026-04-17,Emergency,179,26,111,90.0,14,12.785714285714286,63.47693805525131,0,1
2026-04-18,Emergency,229,89,146,90.0,14,16.357142857142858,93.9515638310819,1,1
2026-04-19,Emergency,163,68,100,90.0,14,11.642857142857142,78.84020932213703,1,0
2026-04-20,Emergency,50,32,123,90.0,14,3.5714285714285716,52.94937325057807,0,0
2026-04-21,Emergency,79,35,69,90.0,14,5.642857142857143,57.073141049044665,0,0
2026-04-22,Emergency,112,23,30,90.0,14,8.0,55.53790921260801,0,1
2026-04-23,Emergency,159,53,126,90.0,14,11.357142857142858,72.37799683582816,1,1
2026-04-24,Emergency,106,86,117,90.0,14,7.571428571428571,80.39004502859925,1,1
2026-04-25,Emergency,84,97,61,90.0,14,6.0,82.62565413167823,1,1
2026-04-26,Emergency,191,74,77,90.0,14,13.642857142857142,84.07569672629913,1,1
2026-04-27,Emergency,78,79,111,90.0,14,5.571428571428571,74.75051722039674,1,0
2026-04-28,Emergency,168,31,49,90.0,14,12.0,64.3927224047706,0,1
2026-04-29,Emergency,207,78,139,90.0,14,14.785714285714286,87.298284045272,1,0
2026-04-30,Emergency,71,23,55,90.0,14,5.071428571428571,51.421443349154195,0,1
2026-05-01,Emergency,91,60,67,90.0,14,6.5,68.3789704271632,1,0
2026-05-02,Emergency,80,25,120,90.0,14,5.714285714285714,53.13313861506632,0,1
2026-05-03,Emergency,239,65,93,90.0,14,17.071428571428573,85.25861019836924,1,1
2026-05-04,Emergency,198,30,69,90.0,14,14.142857142857142,67.00073019350128,1,1
2026-05-05,Emergency,201,41,98,90.0,14,14.357142857142858,71.74637945722284,1,1
2026-05-06,Emergency,122,92,69,90.0,14,8.714285714285714,84.42071315565292,1,0
2026-05-07,Emergency,84,22,143,90.0,14,6.0,52.32262382864793,0,1
2026-05-08,Emergency,98,80,46,90.0,14,7.0,77.16258975295119,1,1
2026-05-09,Emergency,198,99,99,90.0,14,14.142857142857142,94.87951807228916,1,1
2026-05-10,Emergency,158,45,76,90.0,14,11.285714285714286,69.04527199707921,1,0
2026-05-11,Emergency,128,26,38,90.0,14,9.142857142857142,58.356456127540454,0,0
2026-05-12,Emergency,152,36,43,90.0,14,10.857142857142858,64.80649872216138,0,1
2026-05-13,Emergency,220,59,119,90.0,14,15.714285714285714,80.92673725203845,1,1
2026-05-14,Emergency,210,35,138,90.0,14,15.0,70.22575149081175,1,1
2026-05-15,Emergency,209,58,75,90.0,14,14.928571428571429,79.41827917731533,1,0
2026-05-16,Emergency,202,24,94,90.0,14,14.428571428571429,64.97809419496167,0,0
2026-05-17,Emergency,86,44,77,90.0,14,6.142857142857143,61.41231593038822,0,1
2026-05-18,Emergency,236,56,90,90.0,14,16.857142857142858,81.3210417427285,1,1
2026-05-19,Emergency,126,44,100,90.0,14,9.0,65.42838018741634,1,1
2026-05-20,Emergency,159,93,136,90.0,14,11.357142857142858,88.53961299744432,1,1
2026-05-21,Emergency,226,28,128,90.0,14,16.142857142857142,69.00389436534014,1,0
2026-05-22,Emergency,52,51,128,90.0,14,3.7142857142857144,60.82694414019715,0,0
2026-05-23,Emergency,78,28,96,90.0,14,5.571428571428571,54.144456614336136,0,1
2026-05-24,Emergency,236,98,67,90.0,14,16.857142857142858,98.29073871242547,1,1
2026-05-25,Emergency,77,88,106,90.0,14,5.5,78.28647925033466,1,1
2026-05-26,Emergency,89,96,138,90.0,14,6.357142857142857,82.72362175976635,1,1
2026-05-27,Emergency,97,60,42,90.0,14,6.928571428571429,68.98138006571742,1,1
2026-05-28,Emergency,237,26,34,90.0,14,16.928571428571427,69.30023122794206,1,1
2026-05-29,Emergency,230,49,68,90.0,14,16.428571428571427,77.89034927589145,1,1
2026-05-30,Emergency,204,36,133,90.0,14,14.571428571428571,70.02738225629793,1,1
2026-05-31,Emergency,123,82,57,90.0,14,8.785714285714286,80.48071072167457,1,1
2026-06-01,Emergency,241,36,41,90.0,14,17.214285714285715,73.74224169404893,1,1
2026-06-02,Emergency,241,66,58,90.0,14,17.214285714285715,85.86345381526105,1,1
2026-06-03,Emergency,128,51,80,90.0,14,9.142857142857142,68.45746622855056,1,0
2026-06-04,Emergency,88,34,148,90.0,14,6.285714285714286,57.57271510283558,0,1
2026-06-05,Emergency,71,94,56,90.0,14,5.071428571428571,80.10831203602288,1,0
2026-06-06,Emergency,55,38,86,90.0,14,3.9285714285714284,55.87562370694901,0,0
2026-06-07,Emergency,113,44,53,90.0,14,8.071428571428571,64.12315930388219,0,0
2026-06-08,Emergency,102,27,108,90.0,14,7.285714285714286,56.15005476451259,0,1
2026-06-09,Emergency,73,79,32,90.0,14,5.214285714285714,74.24850918826823,1,1
2026-06-10,Emergency,225,79,92,90.0,14,16.071428571428573,89.50955336497506,1,1
2026-06-11,Emergency,113,57,61,90.0,14,8.071428571428571,69.37568455640745,1,0
2026-06-12,Emergency,90,36,105,90.0,14,6.428571428571429,58.5815991237678,0,1
2026-06-13,Emergency,217,51,143,90.0,14,15.5,77.39320920043812,1,1
2026-06-14,Emergency,203,41,132,90.0,14,14.5,71.94718267007424,1,1
2026-06-15,Emergency,153,94,90,90.0,14,10.928571428571429,88.3412437629305,1,1
2026-06-16,Emergency,57,91,79,90.0,14,4.071428571428571,77.49056833394184,1,1
2026-06-17,Emergency,183,77,51,90.0,14,13.071428571428571,84.48460508701471,1,1
2026-06-18,Emergency,74,64,144,90.0,14,5.285714285714286,68.28830473408787,1,1
2026-06-19,Emergency,81,70,73,90.0,14,5.785714285714286,71.41535840331021,1,1
2026-06-20,Emergency,205,93,144,90.0,14,14.642857142857142,93.15808689302666,1,1
2026-06-21,Emergency,98,50,87,90.0,14,7.0,65.04137763173908,1,1
2026-06-22,Emergency,201,69,78,90.0,14,14.357142857142858,83.05951077035414,1,1
2026-06-23,Emergency,88,61,144,90.0,14,6.285714285714286,68.4818060119265,1,1
2026-06-24,Emergency,192,45,37,90.0,14,13.714285714285714,72.45892661555311,1,1
2026-06-25,Emergency,215,60,91,90.0,14,15.357142857142858,80.82876962395035,1,1
2026-06-26,Emergency,77,85,64,90.0,14,5.5,77.07435803821345,1,1
2026-06-27,Emergency,188,29,96,90.0,14,13.428571428571429,65.59267372520384,1,0
2026-06-28,Emergency,69,27,72,90.0,14,4.928571428571429,52.8368017524644,0,1
2026-01-01,ICU,137,43,32,80.0,20,6.85,58.11336254107338,0,0
2026-01-02,ICU,70,52,105,80.0,20,3.5,57.040890836071554,0,1
2026-01-03,ICU,237,99,44,80.0,20,11.85,87.7677376171352,1,0
2026-01-04,ICU,100,26,50,80.0,20,5.0,48.64427406596081,0,1
2026-01-05,ICU,133,79,100,80.0,20,6.65,72.37769258853596,1,0
2026-01-06,ICU,181,21,35,80.0,20,9.05,52.31684313009614,0,0
2026-01-07,ICU,239,33,124,80.0,20,11.95,61.241633199464516,0,1
2026-01-08,ICU,203,79,138,80.0,20,10.15,77.29737130339541,1,0
2026-01-09,ICU,178,27,117,80.0,20,8.9,54.53024218084459,0,0
2026-01-10,ICU,90,47,36,80.0,20,4.5,56.426311305829365,0,0
2026-01-11,ICU,86,63,133,80.0,20,4.3,62.609833272483876,0,0
2026-01-12,ICU,191,46,38,80.0,20,9.55,63.12066447608616,0,0
2026-01-13,ICU,200,34,72,80.0,20,10.0,58.90470974808324,0,1
2026-01-14,ICU,219,64,91,80.0,20,10.95,72.36126323475722,1,1
2026-01-15,ICU,177,81,126,80.0,20,8.85,76.27814287452843,1,0
2026-01-16,ICU,204,28,91,80.0,20,10.2,56.76159182183278,0,1
2026-01-17,ICU,229,81,142,80.0,20,11.45,79.932761348424,1,0
2026-01-18,ICU,236,21,31,80.0,20,11.8,56.1823049774857,0,1
2026-01-19,ICU,209,87,84,80.0,20,10.45,80.95138128270659,1,0
2026-01-20,ICU,188,35,126,80.0,20,9.4,58.46537665814774,0,1
2026-01-21,ICU,139,86,48,80.0,20,6.95,75.62766216380675,1,1
2026-01-22,ICU,234,69,52,80.0,20,11.7,75.43568212242911,1,0
2026-01-23,ICU,51,20,77,80.0,20,2.55,42.77625654131678,0,0
2026-01-24,ICU,180,39,53,80.0,20,9.0,59.51928927832542,0,0
2026-01-25,ICU,153,44,122,80.0,20,7.65,59.64190093708166,0,0
2026-01-26,ICU,82,33,50,80.0,20,4.1,50.20749665327978,0,1
2026-01-27,ICU,225,95,88,80.0,20,11.25,85.30820250699769,1,0
2026-01-28,ICU,57,46,56,80.0,20,2.85,53.70299379335523,0,0
2026-01-29,ICU,196,23,64,80.0,20,9.8,54.17914080564683,0,1
2026-01-30,ICU,173,56,53,80.0,20,8.65,65.89600827552634,1,1
2026-01-31,ICU,209,52,96,80.0,20,10.45,66.80996714129245,1,0
2026-02-01,ICU,163,51,76,80.0,20,8.15,63.172995010344415,0,0
2026-02-02,ICU,210,28,72,80.0,20,10.5,57.183278568820725,0,1
2026-02-03,ICU,62,79,36,80.0,20,3.1,67.38773274917854,1,0
2026-02-04,ICU,164,34,121,80.0,20,8.2,56.374589266155525,0,0
2026-02-05,ICU,174,41,87,80.0,20,8.7,59.90568333941828,0,0
2026-02-06,ICU,57,72,89,80.0,20,2.85,64.20804429840574,0,0
2026-02-07,ICU,104,59,81,80.0,20,5.2,62.25873189728611,0,1
2026-02-08,ICU,141,77,84,80.0,20,7.05,72.1318607764391,1,0
2026-02-09,ICU,83,67,118,80.0,20,4.15,64.01515151515152,0,1
2026-02-10,ICU,244,95,55,80.0,20,12.2,86.64354387245953,1,1
2026-02-11,ICU,143,81,145,80.0,20,7.15,73.8885846415967,1,0
2026-02-12,ICU,118,53,81,80.0,20,5.9,60.81842521601557,0,1
2026-02-13,ICU,73,99,148,80.0,20,3.65,76.24163319946452,1,1
2026-02-14,ICU,210,80,80,80.0,20,10.5,78.19337957892174,1,0
2026-02-15,ICU,78,32,41,80.0,20,3.9,49.52233175124741,0,0
2026-02-16,ICU,211,26,97,80.0,20,10.55,56.44547888523792,0,1
2026-02-17,ICU,150,92,53,80.0,20,7.5,78.82499695752708,1,1
2026-02-18,ICU,162,74,42,80.0,20,8.1,72.3956431787757,1,0
2026-02-19,ICU,68,68,129,80.0,20,3.4,63.36497505172204,0,1
2026-02-20,ICU,177,71,112,80.0,20,8.85,72.23773883412437,1,1
2026-02-21,ICU,193,76,68,80.0,20,9.65,75.38243884629426,1,0
2026-02-22,ICU,124,37,140,80.0,20,6.2,54.77546549835706,0,1
2026-02-23,ICU,217,61,38,80.0,20,10.85,71.00857977364001,1,1
2026-02-24,ICU,158,84,115,80.0,20,7.9,76.15492272118777,1,1
2026-02-25,ICU,238,73,68,80.0,20,11.9,77.33296823658269,1,1
2026-02-26,ICU,175,77,49,80.0,20,8.75,74.52141900937082,1,0
2026-02-27,ICU,162,44,85,80.0,20,8.1,60.27443105756358,0,1
2026-02-28,ICU,110,66,50,80.0,20,5.5,65.50870147255688,1,0
2026-03-01,ICU,98,33,44,80.0,20,4.9,51.33199464524766,0,0
2026-03-02,ICU,123,35,101,80.0,20,6.15,53.89710356577826,0,1
2026-03-03,ICU,109,69,57,80.0,20,5.45,66.65054156018012,1,1
2026-03-04,ICU,210,96,121,80.0,20,10.5,84.65802604356823,1,1
2026-03-05,ICU,202,85,39,80.0,20,10.1,79.65133260313983,1,0
2026-03-06,ICU,226,30,114,80.0,20,11.3,59.11585736886942,0,0
2026-03-07,ICU,147,20,50,80.0,20,7.35,49.52324449312401,0,0
2026-03-08,ICU,102,56,103,80.0,20,5.1,60.906048436168916,0,1
2026-03-09,ICU,53,81,94,80.0,20,2.65,67.56328343677741,1,0
2026-03-10,ICU,167,22,79,80.0,20,8.35,51.73694779116465,0,0
2026-03-11,ICU,134,33,95,80.0,20,6.7,53.86211512717537,0,0
2026-03-12,ICU,131,49,108,80.0,20,6.55,60.11591821832785,0,1
2026-03-13,ICU,155,70,110,80.0,20,7.75,70.28751369112814,1,0
2026-03-14,ICU,118,53,35,80.0,20,5.9,60.81842521601557,0,1
2026-03-15,ICU,129,94,147,80.0,20,6.45,78.15717415115006,1,1
2026-03-16,ICU,244,46,122,80.0,20,12.2,66.84556407447974,1,1
2026-03-17,ICU,141,61,90,80.0,20,7.05,65.66721431179262,1,1
2026-03-18,ICU,226,97,119,80.0,20,11.3,86.18656443957649,1,0
2026-03-19,ICU,110,45,65,80.0,20,5.5,57.0238529877084,0,0
2026-03-20,ICU,63,47,116,80.0,20,3.15,54.52872094438358,0,0
2026-03-21,ICU,160,42,139,80.0,20,8.0,59.3257880004868,0,1
2026-03-22,ICU,88,76,46,80.0,20,4.4,68.00292077400512,1,0
2026-03-23,ICU,116,37,140,80.0,20,5.8,54.21321650237313,0,0
2026-03-24,ICU,150,25,81,80.0,20,7.5,51.754289886820004,0,0
2026-03-25,ICU,170,52,82,80.0,20,8.5,64.06900328587076,0,0
2026-03-26,ICU,143,43,84,80.0,20,7.15,58.53504928806134,0,1
2026-03-27,ICU,55,85,113,80.0,20,2.75,69.32000730193502,1,0
2026-03-28,ICU,185,45,80,80.0,20,9.25,62.294937325057795,0,0
2026-03-29,ICU,69,31,76,80.0,20,3.45,48.485761226725074,0,0
2026-03-30,ICU,52,52,35,80.0,20,2.6,55.77583059510771,0,1
2026-03-31,ICU,179,84,92,80.0,20,8.95,77.63082633564561,1,1
2026-04-01,ICU,212,68,98,80.0,20,10.6,73.48545697943288,1,1
2026-04-02,ICU,211,95,128,80.0,20,10.55,84.32426676402581,1,0
2026-04-03,ICU,154,33,89,80.0,20,7.7,55.267737617135204,0,0
2026-04-04,ICU,111,23,118,80.0,20,5.55,48.205245223317505,0,1
2026-04-05,ICU,174,57,126,80.0,20,8.7,66.37032980406474,1,1
2026-04-06,ICU,153,70,68,80.0,20,7.65,70.14695144213216,1,0
2026-04-07,ICU,64,48,62,80.0,20,3.2,55.00304247292198,0,1
2026-04-08,ICU,245,85,39,80.0,20,12.25,82.67342095655349,1,1
2026-04-09,ICU,158,71,85,80.0,20,7.9,70.90239746866253,1,0
2026-04-10,ICU,179,46,124,80.0,20,8.95,62.27729098211026,0,0
2026-04-11,ICU,123,57,35,80.0,20,6.15,62.78599245466715,0,1
2026-04-12,ICU,239,79,72,80.0,20,11.95,79.82749178532312,1,0
2026-04-13,ICU,100,48,107,80.0,20,5.0,57.53316295484969,0,0
2026-04-14,ICU,159,55,83,80.0,20,7.95,64.50803212851406,0,1
2026-04-15,ICU,224,92,82,80.0,20,11.2,84.02580017037849,1,1
2026-04-16,ICU,74,94,67,80.0,20,3.7,74.29171230376049,1,0
2026-04-17,ICU,201,44,100,80.0,20,10.05,63.015394912985265,0,0
2026-04-18,ICU,199,45,57,80.0,20,9.95,63.27887306802968,0,1
2026-04-19,ICU,153,68,100,80.0,20,7.65,69.33887063405135,1,0
2026-04-20,ICU,78,68,74,80.0,20,3.9,64.06778629670195,0,1
2026-04-21,ICU,243,57,80,80.0,20,12.15,71.21972739442619,1,1
2026-04-22,ICU,59,93,112,80.0,20,2.95,72.83345503225021,1,0
2026-04-23,ICU,142,27,94,80.0,20,7.1,52.00012169891687,0,0
2026-04-24,ICU,141,27,63,80.0,20,7.05,51.92984057441888,0,1
2026-04-25,ICU,214,73,114,80.0,20,10.7,75.64622124863088,1,0
2026-04-26,ICU,196,38,65,80.0,20,9.8,60.23974686625289,0,1
2026-04-27,ICU,179,86,116,80.0,20,8.95,78.43890714372642,1,0
2026-04-28,ICU,148,43,110,80.0,20,7.4,58.886454910551286,0,1
2026-04-29,ICU,74,92,147,80.0,20,3.7,73.48363149567967,1,0
2026-04-30,ICU,119,37,114,80.0,20,5.95,54.4240598758671,0,0
2026-05-01,ICU,166,46,86,80.0,20,8.3,61.36363636363637,0,0
2026-05-02,ICU,222,36,55,80.0,20,11.1,61.25897529511987,0,0
2026-05-03,ICU,85,45,58,80.0,20,4.25,55.2668248752586,0,1
2026-05-04,ICU,103,74,140,80.0,20,5.15,68.24905683339418,1,1
2026-05-05,ICU,203,85,146,80.0,20,10.15,79.72161372763782,1,0
2026-05-06,ICU,91,44,68,80.0,20,4.55,55.28447121820616,0,1
2026-05-07,ICU,150,63,88,80.0,20,7.5,67.10782524035535,1,0
2026-05-08,ICU,129,27,124,80.0,20,6.45,51.08646708044298,0,0
2026-05-09,ICU,108,45,134,80.0,20,5.4,56.883290738712425,0,0
2026-05-10,ICU,75,26,43,80.0,20,3.75,46.887245953511005,0,1
2026-05-11,ICU,195,78,135,80.0,20,9.75,76.33108190337107,1,0
2026-05-12,ICU,147,22,66,80.0,20,7.35,50.331325301204814,0,0
2026-05-13,ICU,202,32,111,80.0,20,10.1,58.237191188998416,0,0
2026-05-14,ICU,62,32,47,80.0,20,3.1,48.39783375927954,0,0
2026-05-15,ICU,233,29,59,80.0,20,11.65,59.20378483631495,0,0
2026-05-16,ICU,117,37,91,80.0,20,5.85,54.28349762687111,0,1
2026-05-17,ICU,170,87,41,80.0,20,8.5,78.21041742728491,1,0
2026-05-18,ICU,137,30,91,80.0,20,6.85,52.860837288548126,0,1
2026-05-19,ICU,112,73,146,80.0,20,5.6,68.4775465498357,1,0
2026-05-20,ICU,54,73,76,80.0,20,2.7,64.40124132895217,0,0
2026-05-21,ICU,111,36,117,80.0,20,5.55,53.45777047584276,0,1
2026-05-22,ICU,233,86,121,80.0,20,11.65,82.23408786661798,1,0
2026-05-23,ICU,74,24,40,80.0,20,3.7,46.008884020932214,0,1
2026-05-24,ICU,86,79,77,80.0,20,4.3,69.07447973713035,1,0
2026-05-25,ICU,105,59,127,80.0,20,5.25,62.32901302178411,0,1
2026-05-26,ICU,141,78,88,80.0,20,7.05,72.5359011804795,1,1
2026-05-27,ICU,240,46,67,80.0,20,12.0,66.56443957648777,1,0
2026-05-28,ICU,187,51,136,80.0,20,9.35,64.85974199829622,0,0
2026-05-29,ICU,243,32,75,80.0,20,12.15,61.11871729341609,0,0
2026-05-30,ICU,119,49,100,80.0,20,5.95,59.27254472435195,0,1
2026-05-31,ICU,197,87,120,80.0,20,9.85,80.10800778873069,1,1
2026-06-01,ICU,169,69,43,80.0,20,8.45,70.86740903005963,1,0
2026-06-02,ICU,82,25,140,80.0,20,4.1,46.97517342095655,0,0
2026-06-03,ICU,148,32,134,80.0,20,7.4,54.44201046610685,0,1
2026-06-04,ICU,224,97,113,80.0,20,11.2,86.0460021905805,1,1
2026-06-05,ICU,150,78,113,80.0,20,7.5,73.16843130096143,1,1
2026-06-06,ICU,211,80,64,80.0,20,10.55,78.26366070341973,1,0
2026-06-07,ICU,223,36,122,80.0,20,11.15,61.32925641961786,0,1
2026-06-08,ICU,241,63,82,80.0,20,12.05,73.50340756967263,1,0
2026-06-09,ICU,66,28,67,80.0,20,3.3,47.06279664110989,0,0
2026-06-10,ICU,121,40,47,80.0,20,6.05,55.77674333698429,0,0
2026-06-11,ICU,60,70,117,80.0,20,3.0,63.6108068638189,0,0
2026-06-12,ICU,141,39,62,80.0,20,7.05,56.778325422903734,0,1
2026-06-13,ICU,210,96,145,80.0,20,10.5,84.65802604356823,1,1
2026-06-14,ICU,192,63,78,80.0,20,9.6,70.05963246927102,1,1
2026-06-15,ICU,209,60,143,80.0,20,10.45,70.04229037361569,1,1
2026-06-16,ICU,133,99,33,80.0,20,6.65,80.45850066934403,1,0
2026-06-17,ICU,61,31,42,80.0,20,3.05,47.92351223074114,0,1
2026-06-18,ICU,168,72,84,80.0,20,8.4,72.00924911768286,1,1
2026-06-19,ICU,105,78,32,80.0,20,5.25,70.00578069855179,1,0
2026-06-20,ICU,146,26,105,80.0,20,7.3,51.877205792868445,0,0
2026-06-21,ICU,157,39,89,80.0,20,7.85,57.902823414871605,0,1
2026-06-22,ICU,211,55,35,80.0,20,10.55,68.16265060240964,1,0
2026-06-23,ICU,67,59,50,80.0,20,3.35,59.658330290860405,0,1
2026-06-24,ICU,168,56,98,80.0,20,8.4,65.54460265303638,1,0
2026-06-25,ICU,119,36,118,80.0,20,5.95,54.0200194718267,0,1
2026-06-26,ICU,200,66,60,80.0,20,10.0,71.83400267737616,1,0
2026-06-27,ICU,143,20,34,80.0,20,7.15,49.242119995132036,0,1
2026-06-28,ICU,214,66,130,80.0,20,10.7,72.81793842034804,1,1
2026-01-01,Radiology,70,94,104,50.0,18,3.888888888888889,62.89055210741957,0,1
2026-01-02,Radiology,179,83,89,50.0,18,9.944444444444445,66.95793274106528,1,0
2026-01-03,Radiology,108,61,121,50.0,18,6.0,52.524644030668135,0,0
2026-01-04,Radiology,104,83,32,50.0,18,5.777777777777778,61.10117236623262,0,0
2026-01-05,Radiology,58,72,31,50.0,18,3.2222222222222223,53.064581558557464,0,0
2026-01-06,Radiology,213,69,133,50.0,18,11.833333333333334,63.9564317877571,0,0
2026-01-07,Radiology,93,53,103,50.0,18,5.166666666666667,48.12096872337837,0,0
2026-01-08,Radiology,131,72,53,50.0,18,7.277777777777778,58.765161656727926,0,0
2026-01-09,Radiology,120,28,117,50.0,18,6.666666666666667,40.12839235730802,0,0
2026-01-10,Radiology,212,52,34,50.0,18,11.777777777777779,57.00965478073912,0,1
2026-01-11,Radiology,200,81,117,50.0,18,11.11111111111111,67.78974483793762,1,0
2026-01-12,Radiology,180,20,34,50.0,18,10.0,41.581477424850924,0,0
2026-01-13,Radiology,101,23,123,50.0,18,5.611111111111111,36.624477708815064,0,0
2026-01-14,Radiology,135,47,95,50.0,18,7.5,48.976512109042226,0,0
2026-01-15,Radiology,79,81,104,50.0,18,4.388888888888889,58.34083809987425,0,0
2026-01-16,Radiology,52,89,101,50.0,18,2.888888888888889,59.46472759725773,0,0
2026-01-17,Radiology,108,51,125,50.0,18,6.0,48.484239990264086,0,0
2026-01-18,Radiology,162,75,110,50.0,18,9.0,62.398077157113306,0,0
2026-01-19,Radiology,221,51,99,50.0,18,12.277777777777779,57.30842562167864,0,1
2026-01-20,Radiology,147,89,115,50.0,18,8.166666666666666,66.88329073871243,1,0
2026-01-21,Radiology,236,55,48,50.0,18,13.11111111111111,60.09593931280679,0,0
2026-01-22,Radiology,131,20,40,50.0,18,7.277777777777778,37.755060646626916,0,0
2026-01-23,Radiology,161,79,142,50.0,18,8.944444444444445,63.93614863494383,0,0
2026-01-24,Radiology,148,38,77,50.0,18,8.222222222222221,46.35532027098292,0,0
2026-01-25,Radiology,249,55,67,50.0,18,13.833333333333334,61.111111111111114,0,0
2026-01-26,Radiology,218,52,97,50.0,18,12.11111111111111,57.478195610725734,0,0
2026-01-27,Radiology,244,36,62,50.0,18,13.555555555555555,53.04389274268792,0,0
2026-01-28,Radiology,158,70,83,50.0,18,8.777777777777779,60.065514583586875,0,1
2026-01-29,Radiology,246,80,77,50.0,18,13.666666666666666,70.9778507971279,1,0
2026-01-30,Radiology,95,25,128,50.0,18,5.277777777777778,36.96401768690926,0,1
2026-01-31,Radiology,165,82,114,50.0,18,9.166666666666666,65.46063040038943,1,0
2026-02-01,Radiology,153,65,53,50.0,18,8.5,57.654861871729345,0,0
2026-02-02,Radiology,179,36,133,50.0,18,9.944444444444445,47.96803375116628,0,0
2026-02-03,Radiology,99,44,53,50.0,18,5.5,44.95314591700134,0,0
2026-02-04,Radiology,193,33,105,50.0,18,10.722222222222221,47.8491744756805,0,1
2026-02-05,Radiology,235,82,91,50.0,18,13.055555555555555,70.92694008356659,1,0
2026-02-06,Radiology,103,79,130,50.0,18,5.722222222222222,59.40692061173989,0,0
2026-02-07,Radiology,165,66,128,50.0,18,9.166666666666666,58.99598393574297,0,1
2026-02-08,Radiology,194,82,48,50.0,18,10.777777777777779,67.7252444119914,1,0
2026-02-09,Radiology,178,77,30,50.0,18,9.88888888888889,64.45560017849175,0,0
2026-02-10,Radiology,118,41,122,50.0,18,6.555555555555555,45.22473733317107,0,0
2026-02-11,Radiology,118,66,142,50.0,18,6.555555555555555,55.325747434181174,0,0
2026-02-12,Radiology,82,42,39,50.0,18,4.555555555555555,42.817532757291794,0,0
2026-02-13,Radiology,118,23,45,50.0,18,6.555555555555555,37.9520100604438,0,0
2026-02-14,Radiology,227,54,62,50.0,18,12.61111111111111,58.98908766378646,0,0
2026-02-15,Radiology,123,62,73,50.0,18,6.833333333333333,54.100036509675064,0,1
2026-02-16,Radiology,203,93,119,50.0,18,11.277777777777779,72.87250010141577,1,0
2026-02-17,Radiology,70,55,39,50.0,18,3.888888888888889,47.13297634984382,0,0
2026-02-18,Radiology,239,56,41,50.0,18,13.277777777777779,60.7342501318405,0,0
2026-02-19,Radiology,161,32,88,50.0,18,8.944444444444445,44.94624964504483,0,0
2026-02-20,Radiology,248,47,107,50.0,18,13.777777777777779,57.800697740456776,0,1
2026-02-21,Radiology,229,72,52,50.0,18,12.722222222222221,66.41799521317594,1,0
2026-02-22,Radiology,171,24,64,50.0,18,9.5,42.49482779603262,0,0
2026-02-23,Radiology,56,65,42,50.0,18,3.111111111111111,50.080118453612435,0,0
2026-02-24,Radiology,215,27,141,50.0,18,11.944444444444445,47.142915094722326,0,0
2026-02-25,Radiology,119,50,48,50.0,18,6.611111111111111,48.93919110786581,0,0
2026-02-26,Radiology,222,32,143,50.0,18,12.333333333333334,49.70974808324207,0,0
2026-02-27,Radiology,141,81,92,50.0,18,7.833333333333333,63.18242667640259,0,0
2026-02-28,Radiology,222,51,74,50.0,18,12.333333333333334,57.386515760009736,0,0
2026-03-01,Radiology,234,37,76,50.0,18,13.0,52.66703176341731,0,1
2026-03-02,Radiology,234,94,41,50.0,18,13.0,75.69733479372034,1,0
2026-03-03,Radiology,213,27,87,50.0,18,11.833333333333334,46.98673481806012,0,0
2026-03-04,Radiology,240,36,102,50.0,18,13.333333333333334,52.73153218936352,0,1
2026-03-05,Radiology,164,88,76,50.0,18,9.11111111111111,67.80678268630076,1,0
2026-03-06,Radiology,82,84,47,50.0,18,4.555555555555555,59.78722972698877,0,1
2026-03-07,Radiology,226,96,62,50.0,18,12.555555555555555,75.88069449515234,1,0
2026-03-08,Radiology,52,72,52,50.0,18,2.888888888888889,52.596040728570856,0,0
2026-03-09,Radiology,50,70,74,50.0,18,2.7777777777777777,51.631779643827834,0,0
2026-03-10,Radiology,203,53,83,50.0,18,11.277777777777779,56.71088393979961,0,0
2026-03-11,Radiology,161,66,52,50.0,18,8.944444444444445,58.683623382418574,0,0
2026-03-12,Radiology,87,69,127,50.0,18,4.833333333333333,54.11707435803821,0,0
2026-03-13,Radiology,128,49,148,50.0,18,7.111111111111111,49.23796194880533,0,0
2026-03-14,Radiology,123,36,113,50.0,18,6.833333333333333,43.59498600462456,0,0
2026-03-15,Radiology,164,42,84,50.0,18,9.11111111111111,49.220924100442176,0,0
2026-03-16,Radiology,74,86,125,50.0,18,4.111111111111111,59.97058942842075,0,0
2026-03-17,Radiology,70,24,111,50.0,18,3.888888888888889,34.6077238245913,0,0
2026-03-18,Radiology,61,65,63,50.0,18,3.388888888888889,50.47056914526794,0,0
2026-03-19,Radiology,105,82,77,50.0,18,5.833333333333333,60.77522210052331,0,0
2026-03-20,Radiology,96,75,115,50.0,18,5.333333333333333,57.244128027260565,0,0
2026-03-21,Radiology,105,26,32,50.0,18,5.833333333333333,38.14895947426068,0,0
2026-03-22,Radiology,168,47,103,50.0,18,9.333333333333334,51.55348667396859,0,0
2026-03-23,Radiology,74,87,39,50.0,18,4.111111111111111,60.37462983246116,0,0
2026-03-24,Radiology,132,61,70,50.0,18,7.333333333333333,54.398807350614575,0,1
2026-03-25,Radiology,158,89,130,50.0,18,8.777777777777779,67.74228226035456,1,0
2026-03-26,Radiology,124,81,91,50.0,18,6.888888888888889,61.85489432477386,0,0
2026-03-27,Radiology,85,43,124,50.0,18,4.722222222222222,43.455843576325506,0,1
2026-03-28,Radiology,234,85,108,50.0,18,13.0,72.0609711573567,1,0
2026-03-29,Radiology,117,38,113,50.0,18,6.5,43.93452598271875,0,1
2026-03-30,Radiology,149,96,136,50.0,18,8.277777777777779,69.86775384365747,1,0
2026-03-31,Radiology,179,32,69,50.0,18,9.944444444444445,46.35187213500467,0,0
2026-04-01,Radiology,201,57,148,50.0,18,11.166666666666666,58.17086527929902,0,1
2026-04-02,Radiology,169,94,38,50.0,18,9.38888888888889,70.6214758021987,1,1
2026-04-03,Radiology,113,91,40,50.0,18,6.277777777777778,65.03630684353577,1,1
2026-04-04,Radiology,172,97,55,50.0,18,9.555555555555555,72.06786742931321,1,0
2026-04-05,Radiology,63,51,80,50.0,18,3.5,44.97018376536449,0,1
2026-04-06,Radiology,243,97,82,50.0,18,13.5,77.61226725082147,1,0
2026-04-07,Radiology,249,61,93,50.0,18,13.833333333333334,63.535353535353536,0,1
2026-04-08,Radiology,204,74,62,50.0,18,11.333333333333334,65.27382256297919,1,0
2026-04-09,Radiology,208,66,129,50.0,18,11.555555555555555,62.35385988398037,0,1
2026-04-10,Radiology,117,95,74,50.0,18,6.5,66.96482901302178,1,0
2026-04-11,Radiology,118,39,40,50.0,18,6.555555555555555,44.41665652509026,0,0
2026-04-12,Radiology,189,32,133,50.0,18,10.5,47.13277351831569,0,0
2026-04-13,Radiology,176,50,38,50.0,18,9.777777777777779,53.39032899273863,0,0
2026-04-14,Radiology,95,40,119,50.0,18,5.277777777777778,43.024623747515314,0,0
2026-04-15,Radiology,217,34,50,50.0,18,12.055555555555555,50.12737819966735,0,0
2026-04-16,Radiology,84,82,145,50.0,18,4.666666666666667,59.135329195570165,0,1
2026-04-17,Radiology,236,70,83,50.0,18,13.11111111111111,66.15654537341284,1,0
2026-04-18,Radiology,78,82,136,50.0,18,4.333333333333333,58.66678836558354,0,1
2026-04-19,Radiology,167,82,90,50.0,18,9.277777777777779,65.61681067705165,1,0
2026-04-20,Radiology,111,51,59,50.0,18,6.166666666666667,48.71851040525739,0,0
2026-04-21,Radiology,127,66,143,50.0,18,7.055555555555555,56.02855867916109,0,0
2026-04-22,Radiology,152,22,61,50.0,18,8.444444444444445,40.20303435966087,0,0
2026-04-23,Radiology,81,69,36,50.0,18,4.5,53.6485335280516,0,0
2026-04-24,Radiology,116,70,126,50.0,18,6.444444444444445,56.78572877368059,0,1
2026-04-25,Radiology,193,87,145,50.0,18,10.722222222222221,69.66735629386231,1,0
2026-04-26,Radiology,210,42,114,50.0,18,11.666666666666666,52.81307046367287,0,0
2026-04-27,Radiology,246,39,40,50.0,18,13.666666666666666,54.41219423147135,0,0
2026-04-28,Radiology,186,72,73,50.0,18,10.333333333333334,63.06011926493855,0,0
2026-04-29,Radiology,89,85,138,50.0,18,4.944444444444445,60.73790109934688,0,0
2026-04-30,Radiology,147,56,104,50.0,18,8.166666666666666,53.54995740537909,0,1
2026-05-01,Radiology,202,95,116,50.0,18,11.222222222222221,73.60249077116548,1,0
2026-05-02,Radiology,102,90,39,50.0,18,5.666666666666667,63.77327491785323,0,1
2026-05-03,Radiology,242,70,82,50.0,18,13.444444444444445,66.62508620339946,1,0
2026-05-04,Radiology,236,58,133,50.0,18,13.11111111111111,61.308060524927996,0,1
2026-05-05,Radiology,197,81,138,50.0,18,10.944444444444445,67.55547442294431,1,0
2026-05-06,Radiology,110,62,133,50.0,18,6.111111111111111,53.08486471137074,0,0
2026-05-07,Radiology,151,31,48,50.0,18,8.38888888888889,43.761307857693396,0,0
2026-05-08,Radiology,96,31,91,50.0,18,5.333333333333333,39.46635024948278,0,0
2026-05-09,Radiology,138,31,44,50.0,18,7.666666666666667,42.74613605938907,0,0
2026-05-10,Radiology,248,36,52,50.0,18,13.777777777777779,53.35625329601233,0,0
2026-05-11,Radiology,108,58,128,50.0,18,6.0,51.312522818546924,0,0
2026-05-12,Radiology,157,79,74,50.0,18,8.722222222222221,63.623788081619416,0,0
2026-05-13,Radiology,169,23,122,50.0,18,9.38888888888889,41.93460711533001,0,0
2026-05-14,Radiology,219,53,59,50.0,18,12.166666666666666,57.96032615309724,0,0
2026-05-15,Radiology,111,76,45,50.0,18,6.166666666666667,58.81952050626749,0,0
2026-05-16,Radiology,191,49,143,50.0,18,10.61111111111111,54.157640663664765,0,0
2026-05-17,Radiology,122,34,78,50.0,18,6.777777777777778,42.70881505821264,0,1
2026-05-18,Radiology,233,82,75,50.0,18,12.944444444444445,70.7707598069044,1,0
2026-05-19,Radiology,121,39,122,50.0,18,6.722222222222222,44.650926940083565,0,0
2026-05-20,Radiology,52,25,34,50.0,18,2.888888888888889,33.606141738671866,0,0
2026-05-21,Radiology,212,69,111,50.0,18,11.777777777777779,63.878341649425984,0,0
2026-05-22,Radiology,191,30,134,50.0,18,10.61111111111111,46.48087298689708,0,0
2026-05-23,Radiology,58,98,69,50.0,18,3.2222222222222223,63.56963206360797,0,0
2026-05-24,Radiology,139,37,99,50.0,18,7.722222222222222,45.2484686219626,0,0
2026-05-25,Radiology,111,77,96,50.0,18,6.166666666666667,59.223560910307896,0,1
2026-05-26,Radiology,196,99,69,50.0,18,10.88888888888889,74.75011155734047,1,0
2026-05-27,Radiology,230,61,129,50.0,18,12.777777777777779,62.0516409070626,0,0
2026-05-28,Radiology,80,42,71,50.0,18,4.444444444444445,42.66135248062959,0,0
2026-05-29,Radiology,126,31,68,50.0,18,7.0,41.80905439941584,0,0
2026-05-30,Radiology,137,54,141,50.0,18,7.611111111111111,51.96097521398726,0,0
2026-05-31,Radiology,86,41,97,50.0,18,4.777777777777778,42.7258529065758,0,1
2026-06-01,Radiology,167,84,51,50.0,18,9.277777777777779,66.42489148513245,1,0
2026-06-02,Radiology,56,48,40,50.0,18,3.111111111111111,43.21143158492556,0,0
2026-06-03,Radiology,223,48,33,50.0,18,12.38888888888889,56.25248468621963,0,0
2026-06-04,Radiology,165,51,31,50.0,18,9.166666666666666,52.935377875136915,0,0
2026-06-05,Radiology,70,66,109,50.0,18,3.888888888888889,51.577420794288265,0,0
2026-06-06,Radiology,107,57,44,50.0,18,5.944444444444445,50.83039227617541,0,0
2026-06-07,Radiology,76,91,89,50.0,18,4.222222222222222,62.146971725284985,0,0
2026-06-08,Radiology,248,22,122,50.0,18,13.777777777777779,47.69968763944667,0,1
2026-06-09,Radiology,202,97,100,50.0,18,11.222222222222221,74.4105715792463,1,0
2026-06-10,Radiology,121,30,93,50.0,18,6.722222222222222,41.01456330371993,0,0
2026-06-11,Radiology,82,60,37,50.0,18,4.555555555555555,50.09026003001906,0,0
2026-06-12,Radiology,129,73,115,50.0,18,7.166666666666667,59.01302178410612,0,0
2026-06-13,Radiology,82,96,59,50.0,18,4.555555555555555,64.63571457547361,0,0
2026-06-14,Radiology,139,65,143,50.0,18,7.722222222222222,56.56159993509391,0,0
2026-06-15,Radiology,55,92,132,50.0,18,3.0555555555555554,60.91111922437224,0,0
2026-06-16,Radiology,111,26,104,50.0,18,6.166666666666667,38.617500304247294,0,0
2026-06-17,Radiology,237,33,104,50.0,18,13.166666666666666,51.285140562249,0,0
2026-06-18,Radiology,149,64,37,50.0,18,8.277777777777779,56.93846091436454,0,0
2026-06-19,Radiology,199,56,125,50.0,18,11.055555555555555,57.61064459859641,0,1
2026-06-20,Radiology,231,82,108,50.0,18,12.833333333333334,70.61457953024218,1,0
2026-06-21,Radiology,86,23,121,50.0,18,4.777777777777778,35.45312563384853,0,1
2026-06-22,Radiology,147,85,108,50.0,18,8.166666666666666,65.2671291225508,1,0
2026-06-23,Radiology,174,31,32,50.0,18,9.666666666666666,45.55738103930875,0,0
2026-06-24,Radiology,63,97,31,50.0,18,3.5,63.55604235122308,0,0
2026-06-25,Radiology,133,21,132,50.0,18,7.388888888888889,38.31528132732952,0,0
2026-06-26,Radiology,233,55,74,50.0,18,12.944444444444445,59.86166889781348,0,0
2026-06-27,Radiology,142,29,105,50.0,18,7.888888888888889,42.250415804632674,0,0
2026-06-28,Radiology,167,47,136,50.0,18,9.277777777777779,51.47539653563749,0,1
2026-01-01,Surgery,64,91,90,55.00000000000001,28,2.2857142857142856,61.36941706218815,0,0
2026-01-02,Surgery,137,49,67,55.00000000000001,28,4.892857142857143,48.064378727029336,0,0
2026-01-03,Surgery,138,68,120,55.00000000000001,28,4.928571428571429,55.791347207009856,0,0
2026-01-04,Surgery,239,70,137,55.00000000000001,28,8.535714285714286,61.669709139588655,0,0
2026-01-05,Surgery,181,79,43,55.00000000000001,28,6.464285714285714,62.394426189606925,0,0
2026-01-06,Surgery,84,97,110,55.00000000000001,28,3.0,64.7976755506876,0,0
2026-01-07,Surgery,240,37,119,55.00000000000001,28,8.571428571428571,48.38657660946818,0,0
2026-01-08,Surgery,239,59,114,55.00000000000001,28,8.535714285714286,57.22526469514422,0,0
2026-01-09,Surgery,94,84,118,55.00000000000001,28,3.357142857142857,60.04715833029087,0,0
2026-01-10,Surgery,130,27,64,55.00000000000001,28,4.642857142857143,38.82408421565048,0,0
2026-01-11,Surgery,82,67,148,55.00000000000001,28,2.9285714285714284,52.57606182304978,0,0
2026-01-12,Surgery,150,66,107,55.00000000000001,28,5.357142857142857,55.58567603748327,0,1
2026-01-13,Surgery,228,82,125,55.00000000000001,28,8.142857142857142,65.96598515273215,1,1
2026-01-14,Surgery,209,90,88,55.00000000000001,28,7.464285714285714,68.2444931240112,1,0
2026-01-15,Surgery,77,63,113,55.00000000000001,28,2.75,50.70889619082391,0,1
2026-01-16,Surgery,170,96,134,55.00000000000001,28,6.071428571428571,68.71090422295242,1,0
2026-01-17,Surgery,221,43,108,55.00000000000001,28,7.892857142857143,49.857003772666424,0,0
2026-01-18,Surgery,88,21,32,55.00000000000001,28,3.142857142857143,34.2914080564683,0,0
2026-01-19,Surgery,175,21,82,55.00000000000001,28,6.25,38.65887793598637,0,0
2026-01-20,Surgery,73,88,145,55.00000000000001,28,2.607142857142857,60.6091030789826,0,0
2026-01-21,Surgery,142,22,49,55.00000000000001,28,5.071428571428571,37.40629183400268,0,0
2026-01-22,Surgery,210,59,68,55.00000000000001,28,7.5,55.76944140197152,0,0
2026-01-23,Surgery,56,35,119,55.00000000000001,28,2.0,38.341548010222716,0,0
2026-01-24,Surgery,209,28,134,55.00000000000001,28,7.464285714285714,43.19398807350615,0,1
2026-01-25,Surgery,165,94,142,55.00000000000001,28,5.892857142857143,67.65181939880736,1,1
2026-01-26,Surgery,212,99,90,55.00000000000001,28,7.571428571428571,72.03145917001339,1,0
2026-01-27,Surgery,177,27,36,55.00000000000001,28,6.321428571428571,41.183521966654496,0,0
2026-01-28,Surgery,207,57,131,55.00000000000001,28,7.392857142857143,54.810758184252165,0,0
2026-01-29,Surgery,77,83,126,55.00000000000001,28,2.75,58.78970427163199,0,0
2026-01-30,Surgery,221,49,122,55.00000000000001,28,7.892857142857143,52.28124619690886,0,0
2026-01-31,Surgery,144,79,126,55.00000000000001,28,5.142857142857143,60.53699647073142,0,0
2026-02-01,Surgery,103,77,96,55.00000000000001,28,3.6785714285714284,57.670682730923694,0,0
2026-02-02,Surgery,176,46,135,55.00000000000001,28,6.285714285714286,48.81008884020932,0,0
2026-02-03,Surgery,219,45,128,55.00000000000001,28,7.821428571428571,50.56468297432153,0,0
2026-02-04,Surgery,69,84,37,55.00000000000001,28,2.4642857142857144,58.79213824996958,0,0
2026-02-05,Surgery,240,70,54,55.00000000000001,28,8.571428571428571,61.71990994280151,0,1
2026-02-06,Surgery,219,89,44,55.00000000000001,28,7.821428571428571,68.34246075209931,1,0
2026-02-07,Surgery,245,25,138,55.00000000000001,28,8.75,43.789095777047585,0,0
2026-02-08,Surgery,173,49,48,55.00000000000001,28,6.178571428571429,49.87160764269199,0,0
2026-02-09,Surgery,176,28,41,55.00000000000001,28,6.285714285714286,41.53736156748205,0,1
2026-02-10,Surgery,238,83,92,55.00000000000001,28,8.5,66.87203358890108,1,0
2026-02-11,Surgery,135,76,58,55.00000000000001,28,4.821428571428571,58.87306802969453,0,0
2026-02-12,Surgery,225,58,129,55.00000000000001,28,8.035714285714286,56.11841304612389,0,0
2026-02-13,Surgery,145,20,149,55.00000000000001,28,5.178571428571429,36.74881343556043,0,0
2026-02-14,Surgery,133,43,41,55.00000000000001,28,4.75,45.4393330899355,0,0
2026-02-15,Surgery,114,52,69,55.00000000000001,28,4.071428571428571,48.121881465254965,0,0
2026-02-16,Surgery,84,27,122,55.00000000000001,28,3.0,36.51484726785932,0,0
2026-02-17,Surgery,169,55,118,55.00000000000001,28,6.035714285714286,52.095046854082995,0,0
2026-02-18,Surgery,85,43,52,55.00000000000001,28,3.0357142857142856,43.02969453571863,0,0
2026-02-19,Surgery,162,81,113,55.00000000000001,28,5.785714285714286,62.24869173664354,0,1
2026-02-20,Surgery,196,95,38,55.00000000000001,28,7.0,69.61208470244615,1,0
2026-02-21,Surgery,118,31,54,55.00000000000001,28,4.214285714285714,39.837836193257885,0,0
2026-02-22,Surgery,235,58,43,55.00000000000001,28,8.392857142857142,56.620421078252406,0,0
2026-02-23,Surgery,235,36,131,55.00000000000001,28,8.392857142857142,47.73153218936352,0,0
2026-02-24,Surgery,54,48,66,55.00000000000001,28,1.9285714285714286,43.49367165632226,0,0
2026-02-25,Surgery,94,23,65,55.00000000000001,28,3.357142857142857,35.40069368382621,0,0
2026-02-26,Surgery,68,58,96,55.00000000000001,28,2.4285714285714284,48.23688694170622,0,0
2026-02-27,Surgery,216,20,32,55.00000000000001,28,7.714285714285714,40.31307046367288,0,0
2026-02-28,Surgery,183,77,73,55.00000000000001,28,6.535714285714286,61.686746987951814,0,0
2026-03-01,Surgery,213,38,49,55.00000000000001,28,7.607142857142857,47.435195326761594,0,0
2026-03-02,Surgery,103,22,45,55.00000000000001,28,3.6785714285714284,35.44846050870147,0,0
2026-03-03,Surgery,205,27,121,55.00000000000001,28,7.321428571428571,42.589144456614335,0,0
2026-03-04,Surgery,241,46,147,55.00000000000001,28,8.607142857142858,52.07314104904467,0,0
2026-03-05,Surgery,84,25,111,55.00000000000001,28,3.0,35.706766459778514,0,0
2026-03-06,Surgery,158,24,148,55.00000000000001,28,5.642857142857143,39.017585493489115,0,0
2026-03-07,Surgery,135,78,56,55.00000000000001,28,4.821428571428571,59.681148837775346,0,0
2026-03-08,Surgery,246,24,131,55.00000000000001,28,8.785714285714286,43.43525617622004,0,0
2026-03-09,Surgery,127,92,139,55.00000000000001,28,4.535714285714286,64.9361080686382,0,1
2026-03-10,Surgery,141,91,68,55.00000000000001,28,5.035714285714286,65.2348789095777,1,0
2026-03-11,Surgery,182,76,46,55.00000000000001,28,6.5,61.23250578069855,0,1
2026-03-12,Surgery,215,83,127,55.00000000000001,28,7.678571428571429,65.71741511500548,1,0
2026-03-13,Surgery,101,57,126,55.00000000000001,28,3.607142857142857,49.48947304368992,0,0
2026-03-14,Surgery,187,75,46,55.00000000000001,28,6.678571428571429,61.079469392722416,0,0
2026-03-15,Surgery,175,62,141,55.00000000000001,28,6.25,55.22453450164294,0,0
2026-03-16,Surgery,153,23,85,55.00000000000001,28,5.464285714285714,38.36254107338445,0,0
2026-03-17,Surgery,171,70,48,55.00000000000001,28,6.107142857142857,58.25605452111476,0,0
2026-03-18,Surgery,50,24,134,55.00000000000001,28,1.7857142857142858,33.595898746501156,0,0
2026-03-19,Surgery,75,66,115,55.00000000000001,28,2.6785714285714284,51.82061579651941,0,0
2026-03-20,Surgery,148,71,108,55.00000000000001,28,5.285714285714286,57.50547645125958,0,0
2026-03-21,Surgery,203,33,88,55.00000000000001,28,7.25,44.91298527443106,0,0
2026-03-22,Surgery,164,34,93,55.00000000000001,28,5.857142857142857,43.35919435317026,0,0
2026-03-23,Surgery,194,32,113,55.00000000000001,28,6.928571428571429,44.057137641474995,0,0
2026-03-24,Surgery,57,59,142,55.00000000000001,28,2.0357142857142856,48.08871851040526,0,0
2026-03-25,Surgery,236,75,88,55.00000000000001,28,8.428571428571429,63.53930875015214,0,0
2026-03-26,Surgery,119,23,123,55.00000000000001,28,4.25,36.6557137641475,0,0
2026-03-27,Surgery,80,59,130,55.00000000000001,28,2.857142857142857,49.24333698430084,0,0
2026-03-28,Surgery,183,70,91,55.00000000000001,28,6.535714285714286,58.858464159668976,0,0
2026-03-29,Surgery,119,45,147,55.00000000000001,28,4.25,45.54460265303639,0,0
2026-03-30,Surgery,87,56,40,55.00000000000001,28,3.107142857142857,48.38262139466959,0,0
2026-03-31,Surgery,200,29,73,55.00000000000001,28,7.142857142857143,43.14622124863089,0,0
2026-04-01,Surgery,58,94,44,55.00000000000001,28,2.0714285714285716,62.280333455032256,0,1
2026-04-02,Surgery,227,97,146,55.00000000000001,28,8.107142857142858,71.97639041012535,1,0
2026-04-03,Surgery,113,41,89,55.00000000000001,28,4.035714285714286,43.62723621759766,0,0
2026-04-04,Surgery,214,24,112,55.00000000000001,28,7.642857142857143,41.82883047340879,0,0
2026-04-05,Surgery,121,58,133,55.00000000000001,28,4.321428571428571,50.89752951198735,0,0
2026-04-06,Surgery,202,36,126,55.00000000000001,28,7.214285714285714,46.07490568333943,0,0
2026-04-07,Surgery,116,26,80,55.00000000000001,28,4.142857142857143,37.71723256663016,0,0
2026-04-08,Surgery,87,76,126,55.00000000000001,28,3.107142857142857,56.46342947547767,0,0
2026-04-09,Surgery,167,57,42,55.00000000000001,28,5.964285714285714,52.80272605573811,0,0
2026-04-10,Surgery,54,48,76,55.00000000000001,28,1.9285714285714286,43.49367165632226,0,0
2026-04-11,Surgery,75,62,56,55.00000000000001,28,2.6785714285714284,50.20445418035779,0,0
2026-04-12,Surgery,139,65,136,55.00000000000001,28,4.964285714285714,54.6294267981015,0,0
2026-04-13,Surgery,169,56,101,55.00000000000001,28,6.035714285714286,52.4990872581234,0,0
2026-04-14,Surgery,60,42,30,55.00000000000001,28,2.142857142857143,41.370634051356944,0,0
2026-04-15,Surgery,231,74,144,55.00000000000001,28,8.25,62.884264330047465,0,0
2026-04-16,Surgery,106,45,70,55.00000000000001,28,3.7857142857142856,44.89199221126932,0,0
2026-04-17,Surgery,211,36,72,55.00000000000001,28,7.535714285714286,46.526712912255086,0,0
2026-04-18,Surgery,137,52,78,55.00000000000001,28,4.892857142857143,49.27649993915055,0,0
2026-04-19,Surgery,130,68,49,55.00000000000001,28,4.642857142857143,55.389740781307054,0,0
2026-04-20,Surgery,228,75,112,55.00000000000001,28,8.142857142857142,63.13770232444932,0,0
2026-04-21,Surgery,68,37,30,55.00000000000001,28,2.4285714285714284,39.75203845685773,0,0
2026-04-22,Surgery,57,48,84,55.00000000000001,28,2.0357142857142856,43.64427406596082,0,0
2026-04-23,Surgery,136,74,121,55.00000000000001,28,4.857142857142857,58.11518802482658,0,1
2026-04-24,Surgery,236,91,83,55.00000000000001,28,8.428571428571429,70.0039552147986,1,0
2026-04-25,Surgery,169,65,136,55.00000000000001,28,6.035714285714286,56.135450894487036,0,0
2026-04-26,Surgery,56,93,36,55.00000000000001,28,2.0,61.775891444566156,0,0
2026-04-27,Surgery,51,20,76,55.00000000000001,28,1.8214285714285714,32.0299379335524,0,0
2026-04-28,Surgery,54,56,67,55.00000000000001,28,1.9285714285714286,46.725994888645495,0,0
2026-04-29,Surgery,177,33,38,55.00000000000001,28,6.321428571428571,43.60776439089692,0,0
2026-04-30,Surgery,235,48,138,55.00000000000001,28,8.392857142857142,52.58001703784837,0,0
2026-05-01,Surgery,83,36,66,55.00000000000001,28,2.9642857142857144,40.10101010101011,0,0
2026-05-02,Surgery,217,31,138,55.00000000000001,28,7.75,44.807715711330175,0,0
2026-05-03,Surgery,179,73,136,55.00000000000001,28,6.392857142857143,59.86978215893879,0,0
2026-05-04,Surgery,60,55,142,55.00000000000001,28,2.142857142857143,46.6231593038822,0,0
2026-05-05,Surgery,105,52,65,55.00000000000001,28,3.75,47.670074236339296,0,0
2026-05-06,Surgery,66,20,118,55.00000000000001,28,2.357142857142857,32.78294998174517,0,0
2026-05-07,Surgery,157,63,80,55.00000000000001,28,5.607142857142857,54.72496044785202,0,0
2026-05-08,Surgery,123,76,84,55.00000000000001,28,4.392857142857143,58.270658391140316,0,0
2026-05-09,Surgery,249,44,111,55.00000000000001,28,8.892857142857142,51.66666666666667,0,0
2026-05-10,Surgery,81,29,45,55.00000000000001,28,2.892857142857143,37.17232566630157,0,0
2026-05-11,Surgery,164,67,101,55.00000000000001,28,5.857142857142857,56.69252768650359,0,0
2026-05-12,Surgery,208,43,128,55.00000000000001,28,7.428571428571429,49.20439333089936,0,0
2026-05-13,Surgery,232,58,44,55.00000000000001,28,8.285714285714286,56.46981866861386,0,1
2026-05-14,Surgery,219,85,84,55.00000000000001,28,7.821428571428571,66.7262991359377,1,0
2026-05-15,Surgery,78,81,142,55.00000000000001,28,2.7857142857142856,58.03182426676403,0,0
2026-05-16,Surgery,226,22,74,55.00000000000001,28,8.071428571428571,41.623159303882204,0,0
2026-05-17,Surgery,242,72,139,55.00000000000001,28,8.642857142857142,62.628392357308016,0,1
2026-05-18,Surgery,220,89,68,55.00000000000001,28,7.857142857142857,68.39266155531216,1,0
2026-05-19,Surgery,101,23,88,55.00000000000001,28,3.607142857142857,35.752099306316175,0,0
2026-05-20,Surgery,106,60,142,55.00000000000001,28,3.7857142857142856,50.95259827187538,0,0
2026-05-21,Surgery,69,80,135,55.00000000000001,28,2.4642857142857144,57.175976633807956,0,0
2026-05-22,Surgery,62,92,97,55.00000000000001,28,2.2142857142857144,61.67305585980286,0,1
2026-05-23,Surgery,202,95,71,55.00000000000001,28,7.214285714285714,69.91328952172327,1,0
2026-05-24,Surgery,121,24,77,55.00000000000001,28,4.321428571428571,37.16015577461361,0,0
2026-05-25,Surgery,130,59,74,55.00000000000001,28,4.642857142857143,51.753377144943414,0,0
2026-05-26,Surgery,82,25,117,55.00000000000001,28,2.9285714285714284,35.60636485335281,0,0
2026-05-27,Surgery,156,64,118,55.00000000000001,28,5.571428571428571,55.078800048679575,0,0
2026-05-28,Surgery,94,77,144,55.00000000000001,28,3.357142857142857,57.21887550200804,0,0
2026-05-29,Surgery,208,21,107,55.00000000000001,28,7.428571428571429,40.31550444201047,0,0
2026-05-30,Surgery,147,79,93,55.00000000000001,28,5.25,60.687598880369976,0,1
2026-05-31,Surgery,109,98,123,55.00000000000001,28,3.892857142857143,66.45673603504929,1,0
2026-06-01,Surgery,199,36,39,55.00000000000001,28,7.107142857142857,45.92430327370087,0,0
2026-06-02,Surgery,213,71,105,55.00000000000001,28,7.607142857142857,60.76852866009492,0,0
2026-06-03,Surgery,107,45,127,55.00000000000001,28,3.8214285714285716,44.94219301448217,0,0
2026-06-04,Surgery,78,48,104,55.00000000000001,28,2.7857142857142856,44.6984909334307,0,0
2026-06-05,Surgery,244,75,121,55.00000000000001,28,8.714285714285714,63.94091517585494,0,0
2026-06-06,Surgery,246,22,30,55.00000000000001,28,8.785714285714286,42.627175368139234,0,0
2026-06-07,Surgery,61,37,44,55.00000000000001,28,2.1785714285714284,39.40063283436778,0,0
2026-06-08,Surgery,76,65,79,55.00000000000001,28,2.7142857142857144,51.466776195691864,0,0
2026-06-09,Surgery,197,65,44,55.00000000000001,28,7.035714285714286,57.54107338444688,0,0
2026-06-10,Surgery,166,21,117,55.00000000000001,28,5.928571428571429,38.20707070707071,0,0
2026-06-11,Surgery,60,64,118,55.00000000000001,28,2.142857142857143,50.25952294024584,0,0
2026-06-12,Surgery,170,65,61,55.00000000000001,28,6.071428571428571,56.18565169769989,0,0
2026-06-13,Surgery,146,21,126,55.00000000000001,28,5.214285714285714,37.20305464281368,0,0
2026-06-14,Surgery,243,57,132,55.00000000000001,28,8.678571428571429,56.617987099914814,0,0
2026-06-15,Surgery,244,25,38,55.00000000000001,28,8.714285714285714,43.73889497383473,0,0
2026-06-16,Surgery,141,81,113,55.00000000000001,28,5.035714285714286,61.19447486917367,0,0
2026-06-17,Surgery,203,22,70,55.00000000000001,28,7.25,40.468540829986615,0,0
2026-06-18,Surgery,171,38,84,55.00000000000001,28,6.107142857142857,45.326761591821835,0,0
2026-06-19,Surgery,131,89,47,55.00000000000001,28,4.678571428571429,63.924790069368385,0,0
2026-06-20,Surgery,84,80,122,55.00000000000001,28,3.0,57.92898868200073,0,0
2026-06-21,Surgery,238,43,49,55.00000000000001,28,8.5,50.7104174272849,0,0
2026-06-22,Surgery,228,55,146,55.00000000000001,28,8.142857142857142,55.05689424364123,0,0
2026-06-23,Surgery,164,77,147,55.00000000000001,28,5.857142857142857,60.73293172690764,0,0
2026-06-24,Surgery,149,61,73,55.00000000000001,28,5.321428571428571,53.5152732140684,0,0
2026-06-25,Surgery,109,33,149,55.00000000000001,28,3.892857142857143,40.194109772423026,0,0
2026-06-26,Surgery,54,84,69,55.00000000000001,28,1.9285714285714286,58.03912620177682,0,0
2026-06-27,Surgery,167,33,109,55.00000000000001,28,5.964285714285714,43.1057563587684,0,0
2026-06-28,Surgery,50,76,93,55.00000000000001,28,1.7857142857142858,54.605999756602166,0,0
